{"cameraMode":{"drawMode":0,"name":"Shaded","section":"Shading Mode"},"sceneLighting":true,"audioPlay":false,"sceneViewState":{"showFog":true,"showMaterialUpdate":true,"showSkybox":true,"showFlares":true,"showImageEffects":true,"showParticleSystems":true},"in2DMode":false,"pivot":{"x":10.869623184204102,"y":-8.060047149658204,"z":-0.3663463592529297},"rotation":{"x":-0.02730397693812847,"y":-0.012897447682917118,"z":0.00035234351526014507,"w":-0.9995439648628235},"size":19.475858688354493,"orthographic":false}