{"cameraMode":{"drawMode":0,"name":"Shaded","section":"Shading Mode"},"sceneLighting":false,"audioPlay":false,"sceneViewState":{"showFog":true,"showMaterialUpdate":true,"showSkybox":true,"showFlares":true,"showImageEffects":true,"showParticleSystems":true},"in2DMode":false,"pivot":{"x":423.7355651855469,"y":85.51563262939453,"z":1340.525634765625},"rotation":{"x":-0.06925097107887268,"y":0.00957388337701559,"z":-0.0006646242691203952,"w":-0.9975531101226807},"size":2056.11865234375,"orthographic":false}