{"cameraMode":{"drawMode":0,"name":"Shaded","section":"Shading Mode"},"sceneLighting":true,"audioPlay":false,"sceneViewState":{"showFog":true,"showMaterialUpdate":true,"showSkybox":true,"showFlares":true,"showImageEffects":true,"showParticleSystems":true},"in2DMode":false,"pivot":{"x":-21.70878028869629,"y":19.972858428955079,"z":8.986438751220704},"rotation":{"x":0.016189638525247575,"y":0.0005972995422780514,"z":0.000009702196621219628,"w":-0.9998688101768494},"size":9.964312553405762,"orthographic":false}