{"cameraMode":{"drawMode":0,"name":"Shaded","section":"Shading Mode"},"sceneLighting":false,"audioPlay":false,"sceneViewState":{"showFog":true,"showMaterialUpdate":true,"showSkybox":true,"showFlares":true,"showImageEffects":true,"showParticleSystems":true},"in2DMode":false,"pivot":{"x":-0.035770297050476077,"y":-0.4922764003276825,"z":0.0},"rotation":{"x":0.016189638525247575,"y":0.0005972995422780514,"z":0.000009702196621219628,"w":-0.9998688101768494},"size":3.784637928009033,"orthographic":false}